<autobuses>
    <autobus>
        <tipo>Big</tipo>
        <marca>Mercedes</marca>
        <modelo>Ux-354</modelo>
        <imaxe>bus1.jpg</imaxe>
        <descricion>Red bus, with space for 56 passengers. It has AC and comfortable seats.</descricion>
    </autobus>
    <autobus>
        <tipo>Big</tipo>
        <marca>Volvo</marca>
        <modelo>U9700</modelo>
        <imaxe>bus2.jpg</imaxe>
        <descricion>Blue bus, with space for 54 passengers. It has AC and spacious  seats.</descricion>
    </autobus>
    <autobus>
        <tipo>Big</tipo>
        <marca>Scania</marca>
        <modelo>S2360</modelo>
        <imaxe>bus3.jpg</imaxe>
        <descricion>Dark blue bus, with space for 60 passengers. It has AC and armrest.</descricion>
    </autobus>
    <autobus>
        <tipo>Medium</tipo>
        <marca>Setra</marca>
        <modelo>Ux-127</modelo>
        <imaxe>bus4.jpg</imaxe>
        <descricion>White and blue bus, medium size.It has tv and armrest.</descricion>
    </autobus>
    <autobus>
        <tipo>Medium</tipo>
        <marca>Volvo</marca>
        <modelo>v-6050</modelo>
        <imaxe>bus5.jpg</imaxe>
        <descricion>White and red bus, medium size.It has tv and armrest.</descricion>
    </autobus>
    <autobus>
        <tipo>Small</tipo>
        <marca>Scannia</marca>
        <modelo>ZFG34</modelo>
        <imaxe>bus6.jpg</imaxe>
        <descricion>White bus with an orange stripe.It has space for 30 passengers and it has a cargo bay at the back.</descricion>
    </autobus>
    <autobus>
        <tipo>Small</tipo>
        <marca>Volvo</marca>
        <modelo>V-724</modelo>
        <imaxe>bus7.jpg</imaxe>
        <descricion>White bus with a small grey stripe. It has space for 26 passengers ,a cargo bay at the right side and also two doors.</descricion>
    </autobus>
</autobuses>
