<autobuses>
    <autobus>
        <tipo>Grande</tipo>
        <marca>Mercedes</marca>
        <modelo>Ux-354</modelo>
        <imaxe>bus1.jpg</imaxe>
        <descricion>Un autobús de calidade alemán, porque averíase cada dous por tres</descricion>
    </autobus>
    <autobus>
        <tipo>Grande</tipo>
        <marca>Volvo</marca>
        <modelo>U9700</modelo>
        <imaxe>bus2.jpg</imaxe>
        <descricion>De servizo antes de que Franco nacera, era o autobús no que ía ao colexio</descricion>
    </autobus>
    <autobus>
        <tipo>Grande</tipo>
        <marca>Scania</marca>
        <modelo>S2360</modelo>
        <imaxe>bus3.jpg</imaxe>
        <descricion>Os venres énchese de xente, por eso se coñece como "a sardiña"</descricion>
    </autobus>
    <autobus>
        <tipo>Mediano</tipo>
        <marca>Setra</marca>
        <modelo>Ux-127</modelo>
        <imaxe>bus4.jpg</imaxe>
        <descricion>Mellor lento que seguro. Costa arriba tes que baixar para empuxalo, polo que fas exercicio</descricion>
    </autobus>
    <autobus>
        <tipo>Mediano</tipo>
        <marca>Volvo</marca>
        <modelo>v-6050</modelo>
        <imaxe>bus5.jpg</imaxe>
        <descricion>Perfecto para ducharse, porque ten a chea de goteiras</descricion>
    </autobus>
    <autobus>
        <tipo>Pequeno</tipo>
        <marca>Scannia</marca>
        <modelo>ZFG34</modelo>
        <imaxe>bus6.jpg</imaxe>
        <descricion>De 0 a 100 en dúas horas, ideal se queres chegar tarde a cena coa sogra</descricion>
    </autobus>
    <autobus>
        <tipo>Pequeno</tipo>
        <marca>Volvo</marca>
        <modelo>V-724</modelo>
        <imaxe>bus7.jpg</imaxe>
        <descricion>Máis vello que as pesetas, os chicles dos asentos xa se consideran fósiles</descricion>
    </autobus>
</autobuses>
