<autobuses>
    <autobus>
        <tipo>Grande</tipo>
        <marca>Mercedes</marca>
        <modelo>Ux-354</modelo>
        <imaxe>bus1.jpg</imaxe>
        <descricion>Autobús vermello, con espazo de ate 56 pasaxeiros. Ten aire acondicionado e asentos cómodos.</descricion>
    </autobus>
    <autobus>
        <tipo>Grande</tipo>
        <marca>Volvo</marca>
        <modelo>U9700</modelo>
        <imaxe>bus2.jpg</imaxe>
        <descricion>Autobús azul, con espazo de ate 54 pasaxeiros. Ten aire acondicionado e asentos espaciosos.</descricion>
    </autobus>
    <autobus>
        <tipo>Grande</tipo>
        <marca>Scania</marca>
        <modelo>S2360</modelo>
        <imaxe>bus3.jpg</imaxe>
        <descricion>Autobús azul obscuro, con espazo de ate 60 pasaxeiros. Ten aire acondicionado e reposabrazos.</descricion>
    </autobus>
    <autobus>
        <tipo>Mediano</tipo>
        <marca>Setra</marca>
        <modelo>Ux-127</modelo>
        <imaxe>bus4.jpg</imaxe>
        <descricion>Autobús branco e azul, de tamaño medio. Conta con televisor e reposabrazos.</descricion>
    </autobus>
    <autobus>
        <tipo>Mediano</tipo>
        <marca>Volvo</marca>
        <modelo>v-6050</modelo>
        <imaxe>bus5.jpg</imaxe>
        <descricion>Autobús vermello e branco, de tamaño medio.Conta con televisor e reposabrazo.</descricion>
    </autobus>
    <autobus>
        <tipo>Pequeno</tipo>
        <marca>Scannia</marca>
        <modelo>ZFG34</modelo>
        <imaxe>bus6.jpg</imaxe>
        <descricion>Autobús branco con franxa laranxa. Ten espazo para 30 pasaxeiros e conta cun maleteiro na parte traseira.</descricion>
    </autobus>
    <autobus>
        <tipo>Pequeno</tipo>
        <marca>Volvo</marca>
        <modelo>V-724</modelo>
        <imaxe>bus7.jpg</imaxe>
        <descricion>Autobús branco cunha pequena franxa gris. Conta con espazo de ate 26 pasaxeiros, un maleteiro e tamén duas portas.</descricion>
    </autobus>
</autobuses>
